,model_type,model_weights,model_name,batch_size,num_epochs,do_img_augment,loss_basis,do_tensorboard,save_model,loss,raw_loss,sigmoid_loss,raw_binary_accuracy_from_raw,raw_raw_values,raw_sigmoids,raw_contorted_binary_crossentropy,sigmoid_acc
0,InceptionV3,imagenet,InceptionV3_imagenet_raw_epoch200_2019_03_03_00-39.hdf5,16,200,True,raw,True,None,0.15622182135731208,0.15622182135731208,7.251191627594732,0.9576612903225806,-0.5295481047322673,0.5062401414878906,0.15622180947496916,0.501008064516129
1,InceptionV3,None,InceptionV3_raw_epoch200_2019_03_03_00-46.hdf5,16,200,True,raw,True,None,0.6686934155802573,0.6686934155802573,0.8772410154342651,0.53125,-0.06222118491366986,0.48305961105131334,0.6686934165416225,0.3800403225806452
2,InceptionV3,imagenet,InceptionV3_imagenet_raw_epoch200_2019_03_03_00-57.hdf5,16,200,True,raw,True,None,0.22686021744674867,0.22686021744674867,9.84567742962991,0.9516129032258065,-1.063234958917864,0.5041268030481953,0.22694447237386745,0.1280241935483871
3,InceptionV3,None,InceptionV3_raw_epoch200_2019_03_03_01-07.hdf5,16,200,True,raw,True,None,0.660349533442528,0.660349533442528,1.0950167092584795,0.6098790322580645,0.5223293159036867,0.5993798428004787,0.6603495320004802,0.4909274193548387
4,InceptionV3,imagenet,InceptionV3_imagenet_raw_epoch200_2019_03_03_01-19.hdf5,16,200,True,raw,True,None,0.21470377365438897,0.21470377365438897,13.447194037898894,0.9495967741935484,1.3553994432572396,0.538406656634423,0.21360449983941152,0.055443548387096774
5,InceptionV3,None,InceptionV3_raw_epoch200_2019_03_03_01-34.hdf5,16,200,True,raw,True,None,0.7194079665407058,0.7194079665407058,1.0130510099472538,0.6058467741935484,0.5851222476771762,0.6129863444835909,0.7194079699054841,0.5403225806451613
